Scenario,Mean Income,Mean Income with Options
1,1.583351e+06,1.560676e+06
2,1.648892e+06,1.619369e+06
3,1.574438e+06,1.548189e+06