Scenario,Options,Mean,Std
1,0,1.583351e+06,465237.913693
2,0,1.648892e+06,764309.472656
3,0,1.574438e+06,515786.352246
1,1,1.560676e+06,255084.227150
2,1,1.619369e+06,478867.568767
3,1,1.548189e+06,282566.817106
