Scenario,Std Income,Std Income with Options
1,465237.913693,255084.227150
2,764309.472656,478867.568767
3,515786.352246,282566.817106